,Year,Crop Yield (hg/ha),Rainfall (mm/year),Pesticides (tonnes),Temperature (Celsius)
count,28242.0,28242.0,28242.0,28242.0,28242.0
mean,2001.5442957297641,77053.33209404434,1149.055980454642,37076.909343530904,20.542626584519507
std,7.05190528539453,84956.61289666744,709.8121499492202,59958.78466505808,6.312050836049793
min,1990.0,50.0,51.0,0.04,1.3
25%,1995.0,19919.25,593.0,1702.0,16.7025
50%,2001.0,38295.0,1083.0,17529.44,21.51
75%,2008.0,104676.75,1668.0,48687.88,26.0
max,2013.0,501412.0,3240.0,367778.0,30.65
